[
  {
    "Turkish": [
      [
        "tcreeper.earth@gmail.com",
        "TCr3",
        24
      ],
      [
        "muhaaliss@pm.me",
        "Muha Aliss",
        52
      ],
      [
        "libreajans@gmail.com",
        "Sabri \u00dcnal",
        74
      ]
    ]
  },
  {
    "Lithuanian": [
      [
        "hazap@hotmail.com",
        "Moo",
        43
      ]
    ]
  },
  {
    "Portuguese (Brazil)": [
      [
        "gutojusto22@gmail.com",
        "Gustavo",
        24
      ],
      [
        "fefehex12@gmail.com",
        "Fernando Lopes",
        51
      ],
      [
        "mr-isaac@ig.com.br",
        "Isaac Dias",
        93
      ]
    ]
  },
  {
    "German": [
      [
        "atalanttore@googlemail.com",
        "Ettore Atalan",
        3
      ],
      [
        "code@simonschneegans.de",
        "Simon Schneegans",
        122
      ]
    ]
  },
  {
    "Esperanto": [
      [
        "phlostically@mailinator.com",
        "phlostically",
        72
      ]
    ]
  },
  {
    "Russian": [
      [
        "sergei@racingrebel.com",
        "\u041c\u0438\u0441\u0442\u0435\u0440 \u041f\u0435\u0440\u0435\u0432\u043e\u0434",
        11
      ],
      [
        "ddaudix@gmail.com",
        "Daudix UFO",
        31
      ],
      [
        "eg.ermakov2016@yandex.ru",
        "\u0415\u0433\u043e\u0440 \u0415\u0440\u043c\u0430\u043a\u043e\u0432",
        33
      ],
      [
        "franigoyt@gmail.com",
        "ANIGO R. (AR)",
        49
      ],
      [
        "lenemter@gmail.com",
        "lenemter",
        49
      ]
    ]
  },
  {
    "Romanian": [
      [
        "softexpert@gmail.com",
        "SoftExpert",
        132
      ]
    ]
  },
  {
    "Ukrainian": [
      [
        "cakestwix1@gmail.com",
        "CakesTwix",
        35
      ],
      [
        "911us@duck.com",
        "Petro S.",
        44
      ],
      [
        "yuridm@gmail.com",
        "\u042e\u0440\u0456\u0439 \u0414\u043c\u0438\u0442\u0440\u0435\u043d\u043a\u043e",
        48
      ]
    ]
  },
  {
    "Japanese": [
      [
        "ryuichi.ya220@gmail.com",
        "Ryan Y",
        79
      ]
    ]
  },
  {
    "Czech": [
      [
        "yuridm@gmail.com",
        "\u042e\u0440\u0456\u0439 \u0414\u043c\u0438\u0442\u0440\u0435\u043d\u043a\u043e",
        1
      ],
      [
        "jose1711@gmail.com",
        "Jose Riha",
        4
      ],
      [
        "jiri.doubravsky@gmail.com",
        "Ji\u0159\u00ed Doubravsk\u00fd",
        60
      ]
    ]
  },
  {
    "Portuguese": [
      [
        "dyegoaurelio@gmail.com",
        "dyegoaurelio",
        8
      ],
      [
        "ssantos@web.de",
        "ssantos",
        57
      ],
      [
        "pedro.hvn.2018@gmail.com",
        "KrulesExGamer",
        70
      ]
    ]
  },
  {
    "Hungarian": [
      [
        "superh552@gmail.com",
        "KinteLiX",
        79
      ]
    ]
  },
  {
    "Hebrew": [
      [
        "hvusvvnkl12345@gmail.com",
        "\u05d9\u05d4\u05d5\u05d3\u05d4 \u05d0\u05dc\u05d9\u05e1\u05e3",
        37
      ]
    ]
  },
  {
    "Polish": [
      [
        "krzys.chorzempa@gmail.com",
        "Krzysztof Chorzempa",
        6
      ],
      [
        "gnu.ewm@protonmail.com",
        "Eryk Michalak",
        10
      ],
      [
        "sto@tutanota.de",
        "WaldiS",
        38
      ],
      [
        "pwrzonca@gmail.com",
        "Pawe\u0142 Rzo\u0144ca",
        77
      ]
    ]
  },
  {
    "Italian": [
      [
        "mario03@gmail.com",
        "Mario",
        1
      ],
      [
        "mceyes@protonmail.com",
        "Frankie McEyes",
        2
      ],
      [
        "albano_battistella@hotmail.com",
        "albanobattistella",
        132
      ]
    ]
  },
  {
    "Arabic": [
      [
        "hamzah.abusamak@gmail.com",
        "bonbonboi",
        5
      ],
      [
        "dabsantamer@yahoo.com",
        "tamer dab",
        7
      ],
      [
        "yamen.malik2@gmail.com",
        "Yamen Malik",
        7
      ],
      [
        "fawaz27000@hotmail.com",
        "fawaz006",
        68
      ]
    ]
  },
  {
    "Azerbaijani": [
      [
        "xxmn77@gmail.com",
        "X\u0259yyam Qocayev",
        67
      ]
    ]
  },
  {
    "Indonesian": [
      [
        "rezaalmanda27@gmail.com",
        "Reza Almanda",
        58
      ],
      [
        "randompsyduck@duck.com",
        "Sir-Ivysaur",
        75
      ]
    ]
  },
  {
    "Dutch": [
      [
        "code@simonschneegans.de",
        "Simon Schneegans",
        1
      ],
      [
        "philip.goto@gmail.com",
        "Philip Goto",
        7
      ],
      [
        "vistausss@fastmail.com",
        "Heimen Stoffels",
        126
      ]
    ]
  },
  {
    "Spanish": [
      [
        "jorgec2005@gmail.com",
        "Jorge C",
        5
      ],
      [
        "fitojb@ubuntu.com",
        "Adolfo Jayme Barrientos",
        7
      ],
      [
        "andres.segarra.aparicio@gmail.com",
        "Andres Segarra",
        10
      ],
      [
        "fran-carro@hotmail.es",
        "gallegonovato",
        20
      ],
      [
        "hasecilu@tuta.io",
        "Ulices",
        39
      ],
      [
        "oscfdezdz@tuta.io",
        "\u00d3scar Fern\u00e1ndez D\u00edaz",
        60
      ]
    ]
  },
  {
    "French": [
      [
        "matshot03@gmail.com",
        "Mathis Chabrier",
        2
      ],
      [
        "brice.laurencin@gmail.com",
        "Brice Laurencin",
        7
      ],
      [
        "redxxiii@zaclys.net",
        "Reda",
        10
      ],
      [
        "theo.remon+weblate@uswery.eu",
        "Th\u00e9o Remon",
        22
      ],
      [
        "mathieu.bousquet2@gmail.com",
        "Mathieu B.",
        26
      ],
      [
        "bonnemainsnathan@gmail.com",
        "Nathan",
        38
      ],
      [
        "softexpert@gmail.com",
        "SoftExpert",
        51
      ]
    ]
  },
  {
    "Swedish": [
      [
        "obslsessed@duck.com",
        "obslsessed",
        5
      ],
      [
        "droidbittin@gmail.com",
        "Luna Jernberg",
        9
      ],
      [
        "swedishsailfishosuser@tutanota.com",
        "Kristoffer Grundstr\u00f6m",
        48
      ]
    ]
  },
  {
    "Persian": [
      [
        "eshagh094@gmail.com",
        "Eshagh shahidani",
        65
      ],
      [
        "lijeyol367@nickolis.com",
        "lijeyol367",
        82
      ]
    ]
  },
  {
    "Finnish": [
      [
        "jiri.gronroos@iki.fi",
        "Jiri Gr\u00f6nroos",
        47
      ]
    ]
  },
  {
    "Korean": [
      [
        "darkcircle.0426@gmail.com",
        "Seong-ho Cho",
        134
      ]
    ]
  },
  {
    "Slovak": [
      [
        "salka.milan@googlemail.com",
        "Milan \u0160alka",
        12
      ],
      [
        "jose1711@gmail.com",
        "Jose Riha",
        128
      ]
    ]
  },
  {
    "Chinese (Simplified)": [
      [
        "coelacanthushex@gmail.com",
        "Celeste Liu",
        3
      ],
      [
        "lyuutau@outlook.com",
        "\u5218\u97ec",
        34
      ],
      [
        "poonsters6@gmail.com",
        "merelymyself",
        38
      ],
      [
        "aerowolf@tom.com",
        "aerowolf",
        97
      ]
    ]
  },
  {
    "Norwegian Bokm\u00e5l": [
      [
        "code@simonschneegans.de",
        "Simon Schneegans",
        1
      ],
      [
        "epost@anotheragency.no",
        "Allan Nordh\u00f8y",
        44
      ]
    ]
  }
]