<schemalist>

  <!-- Keybindings -->
  <schema id="org.gnome.shell.extensions.paperwm.keybindings"
          path="/org/gnome/shell/extensions/paperwm/keybindings/">

    <key type="as" name="new-window">
      <default><![CDATA[['<Super>Return', '<Super>n']]]></default>
      <summary>Open new window</summary>
    </key>

    <key type="as" name="live-alt-tab">
      <default><![CDATA[['<Super>Tab', '<Alt>Tab']]]></default>
      <summary>Switch to previously active window</summary>
    </key>
    <key type="as" name="live-alt-tab-backward">
      <default><![CDATA[['<Super><Shift>Tab', '<Alt><Shift>Tab']]]></default>
      <summary>Switch to previously active window, backward order</summary>
    </key>

    <key type="as" name="previous-workspace">
      <default><![CDATA[['<Super>Above_Tab']]]></default>
      <summary>Switch to previously active workspace</summary>
    </key>
    <key type="as" name="previous-workspace-backward">
      <default><![CDATA[['<Super><Shift>Above_Tab']]]></default>
      <summary>Switch to the previously active workspace, backward order</summary>
    </key>

    <key type="as" name="move-previous-workspace">
      <default><![CDATA[['<Super><Ctrl>Above_Tab']]]></default>
      <summary>Move the active window to the previously active workspace</summary>
    </key>
    <key type="as" name="move-previous-workspace-backward">
      <default><![CDATA[['<Super><Shift><Ctrl>Above_Tab']]]></default>
      <summary>Move the active window to the previously active workspace, backward order</summary>
    </key>

    <key type="as" name="switch-down-workspace">
      <default><![CDATA[['<Super>Page_Down']]]></default>
      <summary>Switch to workspace below (ws only from current monitor)</summary>
    </key>

    <key type="as" name="switch-up-workspace">
      <default><![CDATA[['<Super>Page_Up']]]></default>
      <summary>Switch to workspace above (ws only from current monitor)</summary>
    </key>

    <key type="as" name="switch-down-workspace-from-all-monitors">
      <default><![CDATA[[]]]></default>
      <summary>Switch to workspace below (ws from all monitors)</summary>
    </key>

    <key type="as" name="switch-up-workspace-from-all-monitors">
      <default><![CDATA[[]]]></default>
      <summary>Switch to workspace above (ws from all monitors)</summary>
    </key>

    <key type="as" name="move-down-workspace">
      <default><![CDATA[['<Super><Ctrl>Page_Down']]]></default>
      <summary>Move window one workspace down</summary>
    </key>
    <key type="as" name="move-up-workspace">
      <default><![CDATA[['<Super><Ctrl>Page_Up']]]></default>
      <summary>Move window one workspace up</summary>
    </key>

    <key type="as" name="move-monitor-right">
        <default><![CDATA[['<Super><Shift><Ctrl>Right']]]></default>
        <summary>Move the active window to the right monitor</summary>
    </key>
    <key type="as" name="move-monitor-left">
        <default><![CDATA[['<Super><Shift><Ctrl>Left']]]></default>
        <summary>Move the active window to the left monitor</summary>
    </key>
    <key type="as" name="move-monitor-above">
        <default><![CDATA[['<Super><Shift><Ctrl>Up']]]></default>
        <summary>Move the active window to the above monitor</summary>
    </key>
    <key type="as" name="move-monitor-below">
        <default><![CDATA[['<Super><Shift><Ctrl>Down']]]></default>
        <summary>Move the active window to the below monitor</summary>
    </key>

    <key type="as" name="switch-monitor-right">
        <default><![CDATA[['<Super><Shift>Right']]]></default>
        <summary>Switch to the right monitor</summary>
    </key>
    <key type="as" name="switch-monitor-left">
        <default><![CDATA[['<Super><Shift>Left']]]></default>
        <summary>Switch to the left monitor</summary>
    </key>
    <key type="as" name="switch-monitor-above">
        <default><![CDATA[['<Super><Shift>Up']]]></default>
        <summary>Switch to the above monitor</summary>
    </key>
    <key type="as" name="switch-monitor-below">
        <default><![CDATA[['<Super><Shift>Down']]]></default>
        <summary>Switch to the below monitor</summary>
    </key>

    <key type="as" name="swap-monitor-right">
        <default><![CDATA[['<Super><Alt>Right']]]></default>
        <summary>Swap workspace with monitor to the right</summary>
    </key>
    <key type="as" name="swap-monitor-left">
        <default><![CDATA[['<Super><Alt>Left']]]></default>
        <summary>Swap workspace with monitor to the left</summary>
    </key>
    <key type="as" name="swap-monitor-above">
        <default><![CDATA[['<Super><Alt>Up']]]></default>
        <summary>Swap workspace with monitor above</summary>
    </key>
    <key type="as" name="swap-monitor-below">
        <default><![CDATA[['<Super><Alt>Down']]]></default>
        <summary>Swap workspace with monitor below</summary>
    </key>

    <key type="as" name="toggle-scratch-window">
      <default><![CDATA[['<Super>Escape']]]></default>
      <summary>Toggle the most recent scratch window</summary>
    </key>

    <key type="as" name="toggle-scratch-layer">
        <default><![CDATA[['<Super><Shift>Escape']]]></default>
        <summary>Toggles the floating scratch layer</summary>
    </key>

    <key type="as" name="toggle-scratch">
        <default><![CDATA[['<Super><Ctrl>Escape']]]></default>
        <summary>Attach/detach the active window into the scratch layer</summary>
    </key>

    <key type="as" name="take-window">
        <default><![CDATA[['<Super>t']]]></default>
        <summary>Take the window, dropping it when finished navigating</summary>
    </key>

    <key type="as" name="switch-focus-mode">
      <default><![CDATA[['<Super><Shift>c']]]></default>
      <summary>Switch between Window Focus Modes (e.g. default, center)</summary>
    </key>

    <key type="as" name="switch-next">
      <default><![CDATA[['<Super>period']]]></default>
      <summary>Switch to the next window</summary>
    </key>
    <key type="as" name="switch-previous">
      <default><![CDATA[['<Super>comma']]]></default>
      <summary>Switch to the previous window</summary>
    </key>

    <key type="as" name="switch-right">
        <default><![CDATA[['<Super>Right']]]></default>
        <summary>Switch to the right window</summary>
    </key>
    <key type="as" name="switch-left">
        <default><![CDATA[['<Super>Left']]]></default>
        <summary>Switch to the left window</summary>
    </key>
    <key type="as" name="switch-up">
        <default><![CDATA[['<Super>Up']]]></default>
        <summary>Switch to the above window</summary>
    </key>
    <key type="as" name="switch-down">
        <default><![CDATA[['<Super>Down']]]></default>
        <summary>Switch to the below window</summary>
    </key>

    <key type="as" name="switch-first">
        <default><![CDATA[['<Super>Home']]]></default>
        <summary>Switch to the first window</summary>
    </key>
    <key type="as" name="switch-last">
        <default><![CDATA[['<Super>End']]]></default>
        <summary>Switch to the last window</summary>
    </key>

    <key type="as" name="move-right">
      <default><![CDATA[['<Super><Ctrl>period', '<Super><Shift>period', '<Super><Ctrl>Right']]]></default>
      <summary>Move the active window to the right</summary>
    </key>
    <key type="as" name="move-left">
      <default><![CDATA[['<Super><Ctrl>comma', '<Super><Shift>comma', '<Super><Ctrl>Left']]]></default>
      <summary>Move the active window to the left</summary>
    </key>
    <key type="as" name="move-up">
        <default><![CDATA[['<Super><Ctrl>Up']]]></default>
        <summary>Move the active window up</summary>
    </key>
    <key type="as" name="move-down">
        <default><![CDATA[['<Super><Ctrl>Down']]]></default>
        <summary>Move the active window down</summary>
    </key>

    <key type="as" name="slurp-in">
        <default><![CDATA[['<Super>i']]]></default>
        <summary>Consume the window to right into the active column</summary>
    </key>
    <key type="as" name="barf-out">
        <default><![CDATA[['<Super>o']]]></default>
        <summary>Expel the bottom window into its own column</summary>
    </key>

    <key type="as" name="resize-h-inc">
      <default><![CDATA[['<Super><Shift>plus']]]></default>
      <summary>Increment window height</summary>
    </key>

    <key type="as" name="resize-h-dec">
      <default><![CDATA[['<Super><Shift>minus']]]></default>
      <summary>Decrement window height</summary>
    </key>

    <key type="as" name="resize-w-inc">
      <default><![CDATA[['<Super>plus']]]></default>
      <summary>Increment window width</summary>
    </key>

    <key type="as" name="resize-w-dec">
      <default><![CDATA[['<Super>minus']]]></default>
      <summary>Decrement window width</summary>
    </key>

    <key type="as" name="cycle-width">
      <default><![CDATA[['<Super>r']]]></default>
      <summary>Cycle through useful window widths</summary>
    </key>

    <key type="as" name="cycle-width-backwards">
      <default><![CDATA[['<Super><Alt>r']]]></default>
      <summary>Cycle through useful window widths backwards</summary>
    </key>

    <key type="as" name="cycle-height">
        <default><![CDATA[['<Super><Shift>r']]]></default>
        <summary>Cycle through useful window heights</summary>
    </key>

    <key type="as" name="cycle-height-backwards">
        <default><![CDATA[['<Super><Alt><Shift>r']]]></default>
        <summary>Cycle through useful window heights backwards</summary>
    </key>

    <key type="as" name="center-horizontally">
      <default><![CDATA[['<Super>c']]]></default>
      <summary>Center window horizontally</summary>
    </key>

    <key type="as" name="toggle-maximize-width">
      <default><![CDATA[['<Super>f']]]></default>
      <summary>Maximize the width of the active window</summary>
    </key>

    <key type="as" name="paper-toggle-fullscreen">
      <default><![CDATA[['<Super><shift>f']]]></default>
      <summary>Toggle fullscreen</summary>
    </key>

    <key type="as" name="close-window">
      <default><![CDATA[['<Super>BackSpace']]]></default>
      <summary>Close the active window</summary>
    </key>
  </schema>

  <schema id="org.gnome.shell.extensions.paperwm.workspace">
      <key type="i" name="index">
          <default>-1</default>
          <summary>The workspace index</summary>
      </key>
      <key type="s" name="name">
          <default>''</default>
          <summary>The name of the workspace</summary>
      </key>
      <key type="s" name="background">
          <default>''</default>
          <summary>The background image</summary>
      </key>
      <key type="b" name="show-top-bar">
          <default>true</default>
          <summary>Show the topbar</summary>
      </key>
      <key type="s" name="color">
          <default>''</default>
          <summary>The background color</summary>
      </key>
      <key type="s" name="directory">
          <default>''</default>
          <summary>Affect various integrations. An empty string means use PWD. (usually ~)</summary>
      </key>
  </schema>

  <schema id="org.gnome.shell.extensions.paperwm.workspacelist"
          path="/org/gnome/shell/extensions/paperwm/workspaces/">
      <key name="list" type="as">
          <default>[]</default>
      </key>
  </schema>

  <schema id="org.gnome.shell.extensions.paperwm" path="/org/gnome/shell/extensions/paperwm/">

    <!-- backup settings (used for restore) -->
    <key type="s" name="restore-keybinds">
        <default>''</default>
        <summary>Keybind overrides saved for restoring after PaperWM disable</summary>
    </key>

    <key type="s" name="restore-attach-modal-dialogs">
        <default>''</default>
        <summary>Original setting value (used for restore)</summary>
    </key>

    <key type="s" name="restore-workspaces-only-on-primary">
        <default>''</default>
        <summary>Original setting value (used for restore)</summary>
    </key>

    <key type="s" name="restore-edge-tiling">
        <default>''</default>
        <summary>Original setting value (used for restore)</summary>
    </key>

    <!-- Settings -->
    <key type="i" name="horizontal-margin">
      <default>20</default>
      <summary>Minimum margin from windows left and right edge</summary>
    </key>

    <key type="i" name="vertical-margin">
      <default>10</default>
      <summary>Minimum margin from windows top edge</summary>
    </key>

    <key type="i" name="vertical-margin-bottom">
        <default>10</default>
        <summary>Minimum margin from windows bottom edge</summary>
    </key>

    <key type="i" name="window-gap">
      <default>20</default>
      <summary>Minimum gap between windows</summary>
    </key>

    <key type="d" name="minimap-scale">
      <default>0.15</default>
      <summary>Scale of mini mini-map tiles compared to their actual window size.</summary>
    </key>

    <key type="d" name="edge-preview-scale">
      <default>0.15</default>
      <summary>Scale of window previews at tiling edge. Scale is percent of actual window size.</summary>
    </key>

    <key type="d" name="window-switcher-preview-scale">
      <default>0.15</default>
      <summary>Scale of window switch previewse.  Scale is percent of actual window size</summary>
    </key>

    <key type="b" name="only-scratch-in-overview">
        <default>false</default>
        <summary>Limit window previews in the overview to scratch windows</summary>
    </key>

    <key type="b" name="disable-scratch-in-overview">
        <default>false</default>
        <summary>Don't show scratch windows in the overview</summary>
    </key>

    <key type="ad" name="swipe-sensitivity">
        <default><![CDATA[[2.0, 2.0]]]></default>
        <summary>Swipe sensitivity in [x, y] coordinates</summary>
    </key>

    <key type="ad" name="swipe-friction">
        <default><![CDATA[[0.3, 0.1]]]></default>
        <summary>Swipe friction in [x, y] coordinates</summary>
    </key>

    <key type="ad" name="cycle-width-steps">
        <default><![CDATA[[0.38195, 0.5, 0.61804]]]></default>
        <summary>cycle-width cycles through these widths. value &lt; 1 is interpreted as a ratio of the monitor width. Mixed ratios and pixel values not allowed.</summary>
    </key>

    <key type="ad" name="cycle-height-steps">
        <default><![CDATA[[0.38195, 0.5, 0.61804]]]></default>
        <summary>cycle-height cycles through these heights. value &lt; 1 is interpreted as a ratio of the monitor height. Mixed ratios and pixel values not allowed.</summary>
    </key>

    <key type="d" name="maximize-width-percent">
      <default>1.00</default>
      <summary>Percent of workspace width the horizontal window maximise function (Super+F) will use.</summary>
    </key>

    <key type="as" name="workspace-colors">
      <default><![CDATA[['#314E6C', '#565248', '#445632', '#663822',
       '#494066', '#826647', '#4B6983', '#807D74', '#5D7555', '#884631',
       '#625B81', '#B39169', '#7590AE', '#BAB5AB', '#83A67F', '#C1665A',
       '#887FA3', '#E0C39E']]]></default>
      <summary>Workspace colors</summary>
    </key>

    <key type="s" name="default-background">
        <default>''</default>
        <summary>Default background image</summary>
    </key>

    <key type="b" name="use-default-background">
        <default>true</default>
        <summary>Use the default GNOME Shell background</summary>
    </key>

    <key type="b" name="default-show-top-bar">
        <default>true</default>
        <summary>Show the top bar on workspaces by default</summary>
    </key>

    <key type="i" name="default-focus-mode">
        <default>0</default>
        <summary>Set the default focus mode. 0:DEFAULT 1:CENTER</summary>
    </key>

    <key type="i" name="open-window-position">
        <default>0</default>
        <summary>Sets the position to open a new window (e.g right of current window). RIGHT: 0, LEFT: 1, START: 2, END: 3</summary>
    </key>

    <key type="b" name="disable-topbar-styling">
        <default>false</default>
        <summary>Disables all topbar styling by PaperWM</summary>
    </key>

    <key type="b" name="show-workspace-indicator">
        <default>true</default>
        <summary>Show the workspace indicator/name in the topbar</summary>
    </key>

    <key type="b" name="show-window-position-bar">
        <default>true</default>
        <summary>Show the window position bar in the topbar</summary>
    </key>

    <key type="b" name="show-focus-mode-icon">
        <default>true</default>
        <summary>Show the focus mode icon in the topbar</summary>
    </key>

    <key type="d" name="animation-time">
        <default>0.25</default>
        <summary>Duration of animations in seconds</summary>
    </key>

    <key type="i" name="overview-ensure-viewport-animation">
        <default>1</default>
        <summary>Sets the animation when exiting GNOME overview and ensuring selected window is in view. 0:NONE, 1:TRANSLATE, 2:FADE</summary>
    </key>

    <key type="as" name="winprops">
        <default><![CDATA[[]]]></default>
        <summary>Array of winprops as (JSON) string objects</summary>
    </key>

    <key type="b" name="gesture-enabled">
        <default>true</default>
        <summary>Enables PaperWM touchpad gestures</summary>
    </key>

    <key type="i" name="gesture-horizontal-fingers">
        <default>3</default>
        <summary>Number of fingers for tiling horizontal swipe. 0:DISABLED 3:THREE_FINGERS 4:FOUR_FINGERS</summary>
    </key>

    <key type="i" name="gesture-workspace-fingers">
        <default>3</default>
        <summary>Number of fingers for workspace switching. 0:DISABLED 3:THREE_FINGERS 4:FOUR_FINGERS</summary>
    </key>

    <child name="keybindings" schema="org.gnome.shell.extensions.paperwm.keybindings"/>
    <child name="workspaces" schema="org.gnome.shell.extensions.paperwm.workspacelist"/>

  </schema>

</schemalist>
