<?xml version="1.0" encoding="UTF-8"?>

<!--
SPDX-FileCopyrightText: Simon Schneegans <code@simonschneegans.de>
SPDX-License-Identifier: GPL-3.0-or-later
-->

<kcfg xmlns="http://www.kde.org/standards/kcfg/1.0"
  xmlns:xsi="http://www.w3.org/2001/XMLSchema-instance"
  xsi:schemaLocation="http://www.kde.org/standards/kcfg/1.0 http://www.kde.org/standards/kcfg/1.0/kcfg.xsd">
  <kcfgfile name="" />
  <group name="">
    <entry name="Duration" type="UInt">
      <default>1250</default>
    </entry>
    <entry name="Color" type="Color">
      <default>#79E918</default>
    </entry>
    <entry name="Details" type="Double">
      <default>15.0</default>
    </entry>
    <entry name="RotationSpeed" type="Double">
      <default>0.3</default>
    </entry>
    <entry name="Whirling" type="Double">
      <default>1.0</default>
    </entry>
  </group>
</kcfg>